Bernd Paysan <bernd.paysan@gmx.de> <pazsan> <root>
Anton Ertl <anton@mips.complang.tuwien.ac.at> <anton>
Jens Wilke <jens.wilke@headissues.com> <jwilke>
David Kühling <dvdkhlng@gmx.de> <dvdkhlng>
Neal Crook <neal@pinga.free-online.co.uk> <crook>
